{
  "timestamp": "20251116_223024",
  "num_points": 469,
  "num_poses": 37,
  "num_images": 38,
  "parameters": {
    "nfeatures": 50,
    "ransac_threshold": 1.0,
    "ransac_probability": 0.999
  },
  "camera_intrinsics": [
    [
      1163.3228759765625,
      0.0,
      867.6707763671875
    ],
    [
      0.0,
      1187.599853515625,
      392.6360168457031
    ],
    [
      0.0,
      0.0,
      1.0
    ]
  ]
}